name,lastName,document,email,flightfromDate,flighttoDate,hotelfromDate,hoteltoDate,address,reservationType,carfromDate,cartoDate,typeOfCar
Felix,Sirit,12345678,felix1@sirit.com,2024-01-25T15:55:01,2024-01-26T15:55:01,2024-01-25T15:55:01,2024-01-26T15:55:01,velitas 2,2 personas,2024-01-25T15:55:01,2024-01-26T15:55:01,sedan
Felix,Sirit,12345678,felix2@sirit.com,2024-01-25T15:55:01,2024-01-26T15:55:01,2024-01-25T15:55:01,2024-01-26T15:55:01,velitas 2,2 personas,2024-01-25T15:55:01,2024-01-26T15:55:01,sedan
Felix,Sirit,12345678,felix3@sirit.com,2024-01-25T15:55:01,2024-01-26T15:55:01,2024-01-25T15:55:01,2024-01-26T15:55:01,velitas 2,2 personas,2024-01-25T15:55:01,2024-01-26T15:55:01,sedan
Felix,Sirit,12345678,felix4@sirit.com,2024-01-25T15:55:01,2024-01-26T15:55:01,2024-01-25T15:55:01,2024-01-26T15:55:01,velitas 2,2 personas,2024-01-25T15:55:01,2024-01-26T15:55:01,sedan
Felix,Sirit,12345678,felix5@sirit.com,2024-01-25T15:55:01,2024-01-26T15:55:01,2024-01-25T15:55:01,2024-01-26T15:55:01,velitas 2,2 personas,2024-01-25T15:55:01,2024-01-26T15:55:01,sedan
Felix,Sirit,12345678,felix6@sirit.com,2024-01-25T15:55:01,2024-01-26T15:55:01,2024-01-25T15:55:01,2024-01-26T15:55:01,velitas 2,2 personas,2024-01-25T15:55:01,2024-01-26T15:55:01,sedan
Felix,Sirit,12345678,felix7@sirit.com,2024-01-25T15:55:01,2024-01-26T15:55:01,2024-01-25T15:55:01,2024-01-26T15:55:01,velitas 2,2 personas,2024-01-25T15:55:01,2024-01-26T15:55:01,sedan
Felix,Sirit,12345678,felix8@sirit.com,2024-01-25T15:55:01,2024-01-26T15:55:01,2024-01-25T15:55:01,2024-01-26T15:55:01,velitas 2,2 personas,2024-01-25T15:55:01,2024-01-26T15:55:01,sedan
Felix,Sirit,12345678,felix9@sirit.com,2024-01-25T15:55:01,2024-01-26T15:55:01,2024-01-25T15:55:01,2024-01-26T15:55:01,velitas 2,2 personas,2024-01-25T15:55:01,2024-01-26T15:55:01,sedan
Felix,Sirit,12345678,felix10@sirit.com,2024-01-25T15:55:01,2024-01-26T15:55:01,2024-01-25T15:55:01,2024-01-26T15:55:01,velitas 2,2 personas,2024-01-25T15:55:01,2024-01-26T15:55:01,sedan
Felix,Sirit,12345678,felix11@sirit.com,2024-01-25T15:55:01,2024-01-26T15:55:01,2024-01-25T15:55:01,2024-01-26T15:55:01,velitas 2,2 personas,2024-01-25T15:55:01,2024-01-26T15:55:01,sedan
Felix,Sirit,12345678,felix12@sirit.com,2024-01-25T15:55:01,2024-01-26T15:55:01,2024-01-25T15:55:01,2024-01-26T15:55:01,velitas 2,2 personas,2024-01-25T15:55:01,2024-01-26T15:55:01,sedan
Felix,Sirit,12345678,felix13@sirit.com,2024-01-25T15:55:01,2024-01-26T15:55:01,2024-01-25T15:55:01,2024-01-26T15:55:01,velitas 2,2 personas,2024-01-25T15:55:01,2024-01-26T15:55:01,sedan
Felix,Sirit,12345678,felix14@sirit.com,2024-01-25T15:55:01,2024-01-26T15:55:01,2024-01-25T15:55:01,2024-01-26T15:55:01,velitas 2,2 personas,2024-01-25T15:55:01,2024-01-26T15:55:01,sedan
Felix,Sirit,12345678,felix15@sirit.com,2024-01-25T15:55:01,2024-01-26T15:55:01,2024-01-25T15:55:01,2024-01-26T15:55:01,velitas 2,2 personas,2024-01-25T15:55:01,2024-01-26T15:55:01,sedan